﻿<?xml version="1.0" encoding="utf-8"?>
<Device Name="Database">
  <Policies>
    <Policy ID="MSSql-RDS" AutoChangeOnAdd="No" AutoVerifyOnAdd="No" PlatformBaseID="MSSql" PlatformBaseType="MSSql" PlatformBaseProtocol="ODBC">
      <Properties>
        <Required>
          <Property Name="Username" />
        </Required>
        <Optional>
          <Property Name="DSN" />
          <Property Name="Address" />
          <Property Name="Port" />
          <Property Name="Database" />
          <Property Name="ReconcileIsWinAccount" />
          <Property Name="Client" DisplayName="Tenant ID" />
          <Property Name="SecretNameInSecretStore" DisplayName="ASM Secret Name" />
         <!-- properties common to RDS secrets in AWS Secrets manager -->
          <Property Name="engine" DisplayName="Engine" />
          <Property Name="host" DisplayName="Host" />
          <Property Name="dbInstanceIdentifier" DisplayName="dbInstanceIdentifier" />
        </Optional>
      </Properties>
      <LinkedPasswords>
        <Link Name="ReconcileAccount" PropertyIndex="3" />
      </LinkedPasswords>
      <TicketingSystem EnterTicketingInfo="No" ValidateTicketNumber="No" />
      <PrivilegedSessionManagement />
      <ConnectionComponents>
        <ConnectionComponent Id="PSM-SQLServerMgmtStudio" />
        <ConnectionComponent Id="PSM-SQLServerMgmtStudio-Database" />
      </ConnectionComponents>
    </Policy></Policies></Device>