    <Device Name="Database">
      <Policies>
        <Policy ID="PostgreSQL-ASM" AutoChangeOnAdd="No" AutoVerifyOnAdd="No" PlatformBaseID="PostgreSQL" PlatformBaseType="PostgreSQL" PlatformBaseProtocol="ODBC">
          <Properties>
            <Required>
              <Property Name="Username" />
            </Required>
            <Optional>
              <Property Name="DSN" />
              <Property Name="Address" />
              <Property Name="Port" />
              <Property Name="Database" />
         <!-- properties common to RDS secrets in AWS Secrets manager -->
              <Property Name="engine" DisplayName="Engine" />
              <Property Name="host" DisplayName="Host" />
              <Property Name="dbInstanceIdentifier" DisplayName="dbInstanceIdentifier" />
         <!-- property for SecretsHub to keep same name as in external secret store -->
              <Property Name="SecretNameInSecretStore" DisplayName="Secret Name In Target Secret Store" />
            </Optional>
          </Properties>
          <LinkedPasswords>
            <Link Name="ReconcileAccount" PropertyIndex="3" />
          </LinkedPasswords>
          <TicketingSystem EnterTicketingInfo="No" ValidateTicketNumber="No" />
        </Policy>
      </Policies>
    </Device>
