﻿<?xml version="1.0" encoding="utf-8"?>
<Device Name="SecretsHub">
    <Policies>
        <Policy ID="SecretsHubPlatform2" PlatformBaseID="AmazonWebServices" PlatformBaseType="AmazonWebServices" PlatformBaseProtocol="HTTP">
          <Properties>
            <Required>
            </Required>
            <Optional>
              <Property Name="engine" DisplayName="Engine" />
              <Property Name="host" DisplayName="Host" />              
              <Property Name="dbInstanceIdentifier" DisplayName="dbInstanceIdentifier" />
            </Optional>
          </Properties>
          <LinkedPasswords />
          <TicketingSystem />
          <PrivilegedSessionManagement />
          <ConnectionComponents />
        </Policy>
    </Policies>
</Device>