﻿<?xml version="1.0" encoding="utf-8"?>
<Device Name="Database">
  <Policies>
    <Policy ID="MySQL-ASM" AutoChangeOnAdd="No" AutoVerifyOnAdd="No" EnableSplitPassword="No" ForceManualPasswordChange="No" PlatformBaseID="MSSql" PlatformBaseType="MSSql" PlatformBaseProtocol="ODBC">
      <Properties>
        <Required>
          <Property Name="Username" />
        </Required>
        <Optional>
          <Property Name="DSN" />
          <Property Name="Address" />
          <Property Name="Port" />
          <Property Name="Database" />
          <Property Name="Description" />
          <Property Name="SecretNameInSecretStore" DisplayName="Secret Name In Target Secret Store" />
         <!-- properties common to RDS DB secrets in AWS Secrets manager -->
          <Property Name="engine" DisplayName="Engine" />
          <Property Name="host" DisplayName="Host" />
          <Property Name="dbname" DisplayName="dbname" />
          <Property Name="dbInstanceIdentifier" DisplayName="dbInstanceIdentifier" />
        </Optional>
      </Properties>
      <LinkedPasswords>
        <Link Name="ReconcileAccount" PropertyIndex="3" />
      </LinkedPasswords>
      <TicketingSystem EnterTicketingInfo="Yes" ValidateTicketNumber="No" />
    </Policy></Policies></Device>
