﻿<?xml version="1.0" encoding="utf-8"?>
<Device Name="Database">
  <Policies>
    <Policy ID="Oracle-RDS" AutoChangeOnAdd="No" AutoVerifyOnAdd="No" PlatformBaseID="Oracle" PlatformBaseType="Oracle" PlatformBaseProtocol="ODBC">
      <Properties>
        <Required>
          <Property Name="Username" />
        </Required>
        <Optional>
          <Property Name="DSN" />
          <Property Name="Address" />
          <Property Name="Port" />
          <Property Name="Database" />
          <Property Name="SecretNameInSecretStore" DisplayName="Secret Name In Target Secret Store" />
         <!-- properties common to RDS secrets in AWS Secrets manager -->
          <Property Name="engine" DisplayName="Engine" />
          <Property Name="host" DisplayName="Host" />
          <Property Name="dbInstanceIdentifier" DisplayName="dbInstanceIdentifier" />
        </Optional>
      </Properties>
      <LinkedPasswords>
        <Link Name="ReconcileAccount" PropertyIndex="3" />
      </LinkedPasswords>
      <TicketingSystem EnterTicketingInfo="No" ValidateTicketNumber="No" />
      <PrivilegedSessionManagement />
      <ConnectionComponents PSMConnectionDefault="PSM-SQLPlus">
        <ConnectionComponent Id="PSM-SQLPlus" />
        <ConnectionComponent Id="PSM-TOAD" />
      </ConnectionComponents>
    </Policy></Policies></Device>